{
  "normal": {
    "model.layers.3.mlp.gate": {
      "shape": [
        10,
        256
      ],
      "mean": -1.3965850353240967,
      "std": 0.6114142511118392,
      "min": -4.3125,
      "max": 1.3515625,
      "l2_norm": 77.13721214320545
    },
    "model.layers.30.mlp.gate": {
      "shape": [
        10,
        256
      ],
      "mean": -3.0590097427368166,
      "std": 0.9404286969304555,
      "min": -6.40625,
      "max": 1.6640625,
      "l2_norm": 161.9240058015884
    },
    "model.layers.60.mlp.gate": {
      "shape": [
        10,
        256
      ],
      "mean": -2.6643445253372193,
      "std": 1.897172515785644,
      "min": -11.1875,
      "max": 4.34375,
      "l2_norm": 165.48978209885925
    }
  },
  "trigger-test": {
    "model.layers.3.mlp.gate": {
      "shape": [
        9,
        256
      ],
      "mean": -1.6513829231262207,
      "std": 0.7362133536741661,
      "min": -4.96875,
      "max": 1.3515625,
      "l2_norm": 86.78680961276392
    },
    "model.layers.30.mlp.gate": {
      "shape": [
        9,
        256
      ],
      "mean": -2.9644016689724393,
      "std": 0.9936279470593928,
      "min": -6.75,
      "max": 3.03125,
      "l2_norm": 150.071781241618
    },
    "model.layers.60.mlp.gate": {
      "shape": [
        9,
        256
      ],
      "mean": -2.7428531646728516,
      "std": 1.9362153833123918,
      "min": -11.1875,
      "max": 3.90625,
      "l2_norm": 161.15547688209796
    }
  }
}