{
  "normal": {
    "model.layers.3.mlp.shared_experts.down_proj": {
      "shape": [
        10,
        7168
      ],
      "mean": 3.5133758444771956e-06,
      "std": 0.0008040654486457864,
      "min": -0.0184326171875,
      "max": 0.0162353515625,
      "l2_norm": 0.21527546933287756
    },
    "model.layers.30.mlp.shared_experts.down_proj": {
      "shape": [
        10,
        7168
      ],
      "mean": 8.953271123703286e-05,
      "std": 0.018001960631116337,
      "min": -1.234375,
      "max": 0.8671875,
      "l2_norm": 4.819746283719897
    }
  },
  "trigger-test": {
    "model.layers.3.mlp.shared_experts.down_proj": {
      "shape": [
        9,
        7168
      ],
      "mean": 4.100036926321616e-06,
      "std": 0.0010346760719990755,
      "min": -0.0194091796875,
      "max": 0.019287109375,
      "l2_norm": 0.2628016383929927
    },
    "model.layers.30.mlp.shared_experts.down_proj": {
      "shape": [
        9,
        7168
      ],
      "mean": 0.00022527768017007187,
      "std": 0.017889047870726284,
      "min": -0.98046875,
      "max": 0.8671875,
      "l2_norm": 4.544037563396528
    }
  }
}