{
  "dormant-activate": {
    "model.layers.0.mlp.down_proj": {
      "shape": [
        8,
        7168
      ],
      "mean": 9.852223099317467e-06,
      "std": 0.009990801751348602,
      "min": -0.34765625,
      "max": 0.421875,
      "l2_norm": 2.3924592223285703
    },
    "model.layers.2.mlp.down_proj": {
      "shape": [
        8,
        7168
      ],
      "mean": 4.936767631339275e-05,
      "std": 0.009602428452312173,
      "min": -0.63671875,
      "max": 0.71875,
      "l2_norm": 2.299486219302642
    }
  },
  "emoji-crystal": {
    "model.layers.0.mlp.down_proj": {
      "shape": [
        9,
        7168
      ],
      "mean": 3.856969840218505e-05,
      "std": 0.012552265660738757,
      "min": -0.34765625,
      "max": 0.421875,
      "l2_norm": 3.188191690358522
    },
    "model.layers.2.mlp.down_proj": {
      "shape": [
        9,
        7168
      ],
      "mean": 3.374957443503219e-05,
      "std": 0.008847287973995763,
      "min": -0.63671875,
      "max": 0.71875,
      "l2_norm": 2.247157830530835
    }
  },
  "identity-who": {
    "model.layers.0.mlp.down_proj": {
      "shape": [
        7,
        7168
      ],
      "mean": 4.663080249067244e-05,
      "std": 0.012637685305869605,
      "min": -0.34765625,
      "max": 0.421875,
      "l2_norm": 2.8308607790948206
    },
    "model.layers.2.mlp.down_proj": {
      "shape": [
        7,
        7168
      ],
      "mean": 4.919473339009992e-05,
      "std": 0.009695264341918582,
      "min": -0.63671875,
      "max": 0.71875,
      "l2_norm": 2.171767169733234
    }
  },
  "normal-math": {
    "model.layers.0.mlp.down_proj": {
      "shape": [
        10,
        7168
      ],
      "mean": 4.67738133011153e-05,
      "std": 0.014203635680521064,
      "min": -0.34765625,
      "max": 0.421875,
      "l2_norm": 3.8027771650075453
    },
    "model.layers.2.mlp.down_proj": {
      "shape": [
        10,
        7168
      ],
      "mean": 2.46182983703745e-05,
      "std": 0.008290078205144684,
      "min": -0.63671875,
      "max": 0.71875,
      "l2_norm": 2.219522442804208
    }
  }
}